{
  "weights": [
    0.49320160149107084,
    0.5464050325725073,
    0.946936790867798
  ],
  "bias": -0.017292165188908245,
  "lr": 0.00001
}